SKU;Nombre_Comercial;Linea;Ambiente;Color;Descripcion_Corta;Descripcion_Larga;Medidas_Mueble;Peso;Embalaje;Cantidad_Paquetes;Foto_Medidas;Fotos_Mueble;Manual_PDF;Relacionados
GAC-BLANCO-BL;blanco;linea-clasica;;Blanco;;;;;;;/articulos-gacela-muebles-2026/linea-clasica/Art 839-5 (Cómoda ALBA)/blanco/art-839-5-blanco-medidas.webp;/articulos-gacela-muebles-2026/linea-clasica/Art 839-5 (Cómoda ALBA)/blanco/escena-art-839-5-b.webp,/articulos-gacela-muebles-2026/linea-clasica/Art 828-5 (Mesa de luz LUMA)/blanco/art-828-5-blanco-pd.webp,/articulos-gacela-muebles-2026/linea-clasica/Art 828-5 (Mesa de luz LUMA)/blanco/art-828-5-blanco-pf-silueta.webp,/articulos-gacela-muebles-2026/linea-clasica/Art 828-5 (Mesa de luz LUMA)/blanco/art-828-5-blanco-pf.webp,/articulos-gacela-muebles-2026/linea-clasica/Art 828-5 (Mesa de luz LUMA)/blanco/escena-828-5-blanco.webp,/articulos-gacela-muebles-2026/linea-clasica/Art 839-5 (Cómoda ALBA)/blanco/839-5-foto-real-1-v1-a-blanco.webp,/articulos-gacela-muebles-2026/linea-clasica/Art 839-5 (Cómoda ALBA)/blanco/839-5-foto-real-2-v2-a-blanco.webp,/articulos-gacela-muebles-2026/linea-clasica/Art 839-5 (Cómoda ALBA)/blanco/839-5-foto-real-3-v1-a-blanco.webp,/articulos-gacela-muebles-2026/linea-clasica/Art 839-5 (Cómoda ALBA)/blanco/839-5-foto-real-4-v1-a-blanco.webp,/articulos-gacela-muebles-2026/linea-clasica/Art 839-5 (Cómoda ALBA)/blanco/839-5-foto-real-5-v1-a-blanco.webp,/articulos-gacela-muebles-2026/linea-clasica/Art 839-5 (Cómoda ALBA)/blanco/art-839-5-blanco-pf-silueta.webp;/articulos-gacela-muebles-2026/linea-clasica/Art 839-5 (Cómoda ALBA)/blanco/a008395-ia-im01.pdf;
GAC-ROBLEBLANCO-BL;roble-blanco;linea-clasica;;Blanco;;;;;;;/articulos-gacela-muebles-2026/linea-clasica/Art 839-5 (Cómoda ALBA)/roble-blanco/art-839-5-medidas.webp;/articulos-gacela-muebles-2026/linea-clasica/Art 839-5 (Cómoda ALBA)/roble-blanco/escena-art-839-5-b-rm.webp,/articulos-gacela-muebles-2026/linea-clasica/Art 828-5 (Mesa de luz LUMA)/roble-blanco/art-828-5-pd-abierto.webp,/articulos-gacela-muebles-2026/linea-clasica/Art 828-5 (Mesa de luz LUMA)/roble-blanco/art-828-5-pd.webp,/articulos-gacela-muebles-2026/linea-clasica/Art 828-5 (Mesa de luz LUMA)/roble-blanco/art-828-5-pf-silueta.webp,/articulos-gacela-muebles-2026/linea-clasica/Art 828-5 (Mesa de luz LUMA)/roble-blanco/art-828-5-pf.webp,/articulos-gacela-muebles-2026/linea-clasica/Art 839-5 (Cómoda ALBA)/roble-blanco/839-5-foto-real-1-v1-a.webp,/articulos-gacela-muebles-2026/linea-clasica/Art 839-5 (Cómoda ALBA)/roble-blanco/839-5-foto-real-2-v2-a.webp,/articulos-gacela-muebles-2026/linea-clasica/Art 839-5 (Cómoda ALBA)/roble-blanco/839-5-foto-real-3-v1-a.webp,/articulos-gacela-muebles-2026/linea-clasica/Art 839-5 (Cómoda ALBA)/roble-blanco/839-5-foto-real-4-v1-a.webp,/articulos-gacela-muebles-2026/linea-clasica/Art 839-5 (Cómoda ALBA)/roble-blanco/839-5-foto-real-5-v1-a.webp,/articulos-gacela-muebles-2026/linea-clasica/Art 839-5 (Cómoda ALBA)/roble-blanco/839-5-foto-real-6-v1-a.webp,/articulos-gacela-muebles-2026/linea-clasica/Art 839-5 (Cómoda ALBA)/roble-blanco/art-839-5-pf-silueta.webp,/articulos-gacela-muebles-2026/linea-clasica/Art 828-5 (Mesa de luz LUMA)/roble-blanco/escena-art-828-5-roble-blanco.webp;/articulos-gacela-muebles-2026/linea-clasica/Art 839-5 (Cómoda ALBA)/roble-blanco/a008395-ia-im01.pdf;
GAC-CARVALHO-CA;carvalho;linea-clasica;;Carvalho;;;;;;;/articulos-gacela-muebles-2026/linea-clasica/Art 902-2 (Bahiut GAMMEL)/carvalho/art-902-2-rm-medidas.webp;/articulos-gacela-muebles-2026/linea-clasica/Art 902-2 (Bahiut GAMMEL)/carvalho/escena-art-902-2-carvalho.webp,/articulos-gacela-muebles-2026/linea-clasica/Art 902-2 (Bahiut GAMMEL)/carvalho/902-2c-foto-real-1.webp,/articulos-gacela-muebles-2026/linea-clasica/Art 902-2 (Bahiut GAMMEL)/carvalho/902-2c-foto-real-2.webp,/articulos-gacela-muebles-2026/linea-clasica/Art 902-2 (Bahiut GAMMEL)/carvalho/902-2c-foto-real-3.webp,/articulos-gacela-muebles-2026/linea-clasica/Art 902-2 (Bahiut GAMMEL)/carvalho/902-2c-foto-real-4.webp,/articulos-gacela-muebles-2026/linea-clasica/Art 902-2 (Bahiut GAMMEL)/carvalho/902-2c-foto-real-5.webp,/articulos-gacela-muebles-2026/linea-clasica/Art 902-2 (Bahiut GAMMEL)/carvalho/902-2c-foto-real-6.webp;/articulos-gacela-muebles-2026/linea-clasica/Art 902-2 (Bahiut GAMMEL)/carvalho/a009022-ia-im05.pdf;
GAC-ROBLEMIELBLANCO-BL;roble-miel-blanco;linea-clasica;;Blanco;;;;;;;/articulos-gacela-muebles-2026/linea-clasica/Art 902-2 (Bahiut GAMMEL)/roble-miel-blanco/art-902-2-b-rm-medidas.webp;/articulos-gacela-muebles-2026/linea-clasica/Art 902-2 (Bahiut GAMMEL)/roble-miel-blanco/escena-art-902-2-roble-miel-blanco.webp,/articulos-gacela-muebles-2026/linea-clasica/Art 902-2 (Bahiut GAMMEL)/roble-miel-blanco/902-2b-foto-real-1.webp,/articulos-gacela-muebles-2026/linea-clasica/Art 902-2 (Bahiut GAMMEL)/roble-miel-blanco/902-2b-foto-real-2.webp,/articulos-gacela-muebles-2026/linea-clasica/Art 902-2 (Bahiut GAMMEL)/roble-miel-blanco/902-2b-foto-real-3.webp,/articulos-gacela-muebles-2026/linea-clasica/Art 902-2 (Bahiut GAMMEL)/roble-miel-blanco/902-2b-foto-real-4.webp;/articulos-gacela-muebles-2026/linea-clasica/Art 902-2 (Bahiut GAMMEL)/roble-miel-blanco/a009022-ia-im05.pdf;
GAC-ART221150ESCRITORIOOPUS;art-221150-escritorio-opus;linea-clasica;;;;;;;;;/articulos-gacela-muebles-2026/linea-clasica/art-221150-escritorio-opus/art-221150-medidas.webp;/articulos-gacela-muebles-2026/linea-clasica/art-221150-escritorio-opus/escena-art-221150.webp,/articulos-gacela-muebles-2026/linea-clasica/art-221150-escritorio-opus/art-221150-pd-real-1.webp,/articulos-gacela-muebles-2026/linea-clasica/art-221150-escritorio-opus/art-221150-pf-real-1.webp,/articulos-gacela-muebles-2026/linea-clasica/art-221150-escritorio-opus/art-221150-silueta.webp;/articulos-gacela-muebles-2026/linea-clasica/art-221150-escritorio-opus/a221150-ia-im02.pdf;
GAC-ART32012PLACARDORBIS-CA;art-320-12-placard-orbis;linea-clasica;;Carvalho;;;;;;;/articulos-gacela-muebles-2026/linea-clasica/art-320-12-placard-orbis/art-320-12-medidas.webp;/articulos-gacela-muebles-2026/linea-clasica/art-320-12-placard-orbis/escena-art-320-12-carvalho.webp,/articulos-gacela-muebles-2026/linea-clasica/art-320-12-placard-orbis/320-12-real-1-pd.webp,/articulos-gacela-muebles-2026/linea-clasica/art-320-12-placard-orbis/320-12-real-1-pf.webp,/articulos-gacela-muebles-2026/linea-clasica/art-320-12-placard-orbis/art-320-12-silueta.webp,/articulos-gacela-muebles-2026/linea-clasica/art-320-12-placard-orbis/escena-art-320-12-pf-carvalho-abierto-sin-fondo.webp;/articulos-gacela-muebles-2026/linea-clasica/art-320-12-placard-orbis/a032012-ia-im06.pdf;
GAC-ART32013PLACARDSPECULA-CA;art-320-13-placard-specula;linea-clasica;;Carvalho;;;;;;;/articulos-gacela-muebles-2026/linea-clasica/art-320-13-placard-specula/art-320-13-medidas.webp;/articulos-gacela-muebles-2026/linea-clasica/art-320-13-placard-specula/escena-art-320-13-carvalho-pf.webp,/articulos-gacela-muebles-2026/linea-clasica/art-320-13-placard-specula/art-320-13-pf-carvalho-silueta.webp,/articulos-gacela-muebles-2026/linea-clasica/art-320-13-placard-specula/art-320-13-principal-carvalho-pf.webp,/articulos-gacela-muebles-2026/linea-clasica/art-320-13-placard-specula/art-320-13-real-2-carvalho-pd.webp,/articulos-gacela-muebles-2026/linea-clasica/art-320-13-placard-specula/escena-art-320-13-carvalho-pf-abierto.webp;;
GAC-ART70815PLACARDSERENA-CA;art-708-15-placard-serena;linea-clasica;;Carvalho;;;;;;;/articulos-gacela-muebles-2026/linea-clasica/art-708-15-placard-serena/art-708-15-medidas.webp;/articulos-gacela-muebles-2026/linea-clasica/art-708-15-placard-serena/escena-art-708-15-carvalho.webp,/articulos-gacela-muebles-2026/linea-clasica/art-708-15-placard-serena/art-708-15-real-1-pf.webp,/articulos-gacela-muebles-2026/linea-clasica/art-708-15-placard-serena/art-708-15-real-2-pd.webp,/articulos-gacela-muebles-2026/linea-clasica/art-708-15-placard-serena/art-708-15-silueta.webp,/articulos-gacela-muebles-2026/linea-clasica/art-708-15-placard-serena/escena-art-708-15-pf-carvalho-a.webp,/articulos-gacela-muebles-2026/linea-clasica/art-708-15-placard-serena/escena-art-708-15-pf-carvalho-abierto-con-ropa.webp,/articulos-gacela-muebles-2026/linea-clasica/art-708-15-placard-serena/escena-art-708-15-pf-carvalho.webp;;
GAC-ART710150BOTINEROARCA;art-710150-botinero-arca;linea-clasica;;;;;;;;;/articulos-gacela-muebles-2026/linea-clasica/art-710150-botinero-arca/710150-foto-real-8-medidas.webp;/articulos-gacela-muebles-2026/linea-clasica/art-710150-botinero-arca/710150-foto-real-1.webp,/articulos-gacela-muebles-2026/linea-clasica/art-710150-botinero-arca/710150-foto-real-2.webp,/articulos-gacela-muebles-2026/linea-clasica/art-710150-botinero-arca/710150-foto-real-3.webp,/articulos-gacela-muebles-2026/linea-clasica/art-710150-botinero-arca/710150-foto-real-4.webp,/articulos-gacela-muebles-2026/linea-clasica/art-710150-botinero-arca/710150-foto-real-5.webp,/articulos-gacela-muebles-2026/linea-clasica/art-710150-botinero-arca/710150-foto-real-6.webp,/articulos-gacela-muebles-2026/linea-clasica/art-710150-botinero-arca/710150-foto-real-7.webp,/articulos-gacela-muebles-2026/linea-clasica/art-710150-botinero-arca/art-710150-silueta.webp;/articulos-gacela-muebles-2026/linea-clasica/art-710150-botinero-arca/a710150-ia-im00.pdf;
GAC-ART712151CAMABOXNIDUS;art-712151-cama-box-nidus;linea-clasica;;;;;;;;;/articulos-gacela-muebles-2026/linea-clasica/art-712151-cama-box-nidus/art-712151-medidas.webp;/articulos-gacela-muebles-2026/linea-clasica/art-712151-cama-box-nidus/escena-art-712151.webp,/articulos-gacela-muebles-2026/linea-clasica/art-712151-cama-box-nidus/art-712151-silueta.webp,/articulos-gacela-muebles-2026/linea-clasica/art-712151-cama-box-nidus/art-712152-pd-real-1.webp,/articulos-gacela-muebles-2026/linea-clasica/art-712151-cama-box-nidus/art-712152-pl-real-1.webp,/articulos-gacela-muebles-2026/linea-clasica/art-712151-cama-box-nidus/art-712152-pls-real-1.webp;/articulos-gacela-muebles-2026/linea-clasica/art-712151-cama-box-nidus/a712151-ia-im00.pdf;
GAC-ART712152CAMABOXAUREA;art-712152-cama-box-aurea;linea-clasica;;;;;;;;;/articulos-gacela-muebles-2026/linea-clasica/art-712152-cama-box-aurea/art-712152-medidas.webp;/articulos-gacela-muebles-2026/linea-clasica/art-712152-cama-box-aurea/escena-712152-a.webp,/articulos-gacela-muebles-2026/linea-clasica/art-712152-cama-box-aurea/712152-foto-real-1.webp,/articulos-gacela-muebles-2026/linea-clasica/art-712152-cama-box-aurea/712152-foto-real-2.webp,/articulos-gacela-muebles-2026/linea-clasica/art-712152-cama-box-aurea/712152-foto-real-3.webp,/articulos-gacela-muebles-2026/linea-clasica/art-712152-cama-box-aurea/712152-foto-real-4.webp,/articulos-gacela-muebles-2026/linea-clasica/art-712152-cama-box-aurea/712152-foto-real-5.webp,/articulos-gacela-muebles-2026/linea-clasica/art-712152-cama-box-aurea/712152-foto-real-6.webp,/articulos-gacela-muebles-2026/linea-clasica/art-712152-cama-box-aurea/712152-foto-real-7.webp,/articulos-gacela-muebles-2026/linea-clasica/art-712152-cama-box-aurea/712152-foto-real-8.webp,/articulos-gacela-muebles-2026/linea-clasica/art-712152-cama-box-aurea/art-712152-cotas.webp,/articulos-gacela-muebles-2026/linea-clasica/art-712152-cama-box-aurea/art-712152-silueta.webp;/articulos-gacela-muebles-2026/linea-clasica/art-712152-cama-box-aurea/a712152-ia-im01.pdf;
GAC-ART748252RESPALDOYUKI;art-748252-respaldo-yuki;linea-clasica;;;;;;;;;/articulos-gacela-muebles-2026/linea-clasica/art-748252-respaldo-yuki/art-748252-medidas.webp;/articulos-gacela-muebles-2026/linea-clasica/art-748252-respaldo-yuki/escena-art-748252.webp,/articulos-gacela-muebles-2026/linea-clasica/art-748252-respaldo-yuki/art-748252-pf-real-1.webp,/articulos-gacela-muebles-2026/linea-clasica/art-748252-respaldo-yuki/art-748252-pf-real-2.webp,/articulos-gacela-muebles-2026/linea-clasica/art-748252-respaldo-yuki/art-748252-silueta.webp;/articulos-gacela-muebles-2026/linea-clasica/art-748252-respaldo-yuki/a748252-ia-im00.pdf;
GAC-ART32013PLACARDSPECULA;art-320-13-placard-specula;linea-clasica-t;;;;;;;;;;;/articulos-gacela-muebles-2026/linea-clasica-t/art-320-13-placard-specula/a032013-ia-im01.pdf;
GAC-ART427091MESAUPPSALAEXTENSIBLE;art-427091-mesa-uppsala-extensible;linea-comedores;;;;;;;;;/articulos-gacela-muebles-2026/linea-comedores/art-427091-mesa-uppsala-extensible/art-427091-medidas.webp;/articulos-gacela-muebles-2026/linea-comedores/art-427091-mesa-uppsala-extensible/escena-escandinava-combo-427091.webp,/articulos-gacela-muebles-2026/linea-comedores/art-427091-mesa-uppsala-extensible/art-427091-abierta-silueta.webp,/articulos-gacela-muebles-2026/linea-comedores/art-427091-mesa-uppsala-extensible/art-427091-extensible-riviera-pd-abierta.webp,/articulos-gacela-muebles-2026/linea-comedores/art-427091-mesa-uppsala-extensible/art-427091-extensible-riviera-pd.webp,/articulos-gacela-muebles-2026/linea-comedores/art-427091-mesa-uppsala-extensible/art-427091-extensible-riviera-pf-abierta.webp,/articulos-gacela-muebles-2026/linea-comedores/art-427091-mesa-uppsala-extensible/art-427091-extensible-riviera-pf.webp;/articulos-gacela-muebles-2026/linea-comedores/art-427091-mesa-uppsala-extensible/a427091-ia-im00.pdf;
GAC-ART427330MESABRIS120X80;art-427330-mesa-bris-120x80;linea-comedores;;;;;;;;;/articulos-gacela-muebles-2026/linea-comedores/art-427330-mesa-bris-120x80/art-427330-mesa-de-comedor-120x80-medidas.webp;/articulos-gacela-muebles-2026/linea-comedores/art-427330-mesa-bris-120x80/escena-art-427330.webp,/articulos-gacela-muebles-2026/linea-comedores/art-427330-mesa-bris-120x80/art-427300-mesa-de-comedor-bris-lumo.webp,/articulos-gacela-muebles-2026/linea-comedores/art-427330-mesa-bris-120x80/art-427330-pf-real-1.webp,/articulos-gacela-muebles-2026/linea-comedores/art-427330-mesa-bris-120x80/art-427330-silueta.webp;;
GAC-ART427331MESARUNAR160X80;art-427331-mesa-runar-160x80;linea-comedores;;;;;;;;;/articulos-gacela-muebles-2026/linea-comedores/art-427331-mesa-runar-160x80/art-427331-mesa-de-comedor-160x80-medidas.webp;/articulos-gacela-muebles-2026/linea-comedores/art-427331-mesa-runar-160x80/escena-art-427331.webp,/articulos-gacela-muebles-2026/linea-comedores/art-427331-mesa-runar-160x80/art-427330-real-1.webp,/articulos-gacela-muebles-2026/linea-comedores/art-427331-mesa-runar-160x80/art-427331-pf-real-1.webp,/articulos-gacela-muebles-2026/linea-comedores/art-427331-mesa-runar-160x80/art-427331-silueta.webp,/articulos-gacela-muebles-2026/linea-comedores/art-427331-mesa-runar-160x80/mesa-lumo-160x80-detalle-45.webp,/articulos-gacela-muebles-2026/linea-comedores/art-427331-mesa-runar-160x80/mesa-lumo-160x80-detalle-pata-30.webp;;
GAC-ART428330MESASOLVIK80X80;art-428330-mesa-solvik-80x80;linea-comedores;;;;;;;;;/articulos-gacela-muebles-2026/linea-comedores/art-428330-mesa-solvik-80x80/art-428330-mesa-de-comedor-80x80-medidas.webp;/articulos-gacela-muebles-2026/linea-comedores/art-428330-mesa-solvik-80x80/escena-art-428330.webp,/articulos-gacela-muebles-2026/linea-comedores/art-428330-mesa-solvik-80x80/art-428330-real-1.webp,/articulos-gacela-muebles-2026/linea-comedores/art-428330-mesa-solvik-80x80/art-428330-real-2.webp,/articulos-gacela-muebles-2026/linea-comedores/art-428330-mesa-solvik-80x80/art-428330-silueta.webp;;
GAC-ART429090MESASKIEN;art-429090-mesa-skien;linea-comedores;;;;;;;;;/articulos-gacela-muebles-2026/linea-comedores/art-429090-mesa-skien/art-429090-medidas.webp;/articulos-gacela-muebles-2026/linea-comedores/art-429090-mesa-skien/escena-429090-riviera.webp,/articulos-gacela-muebles-2026/linea-comedores/art-429090-mesa-skien/art-429090-real-1.webp,/articulos-gacela-muebles-2026/linea-comedores/art-429090-mesa-skien/art-429090-real-2.webp,/articulos-gacela-muebles-2026/linea-comedores/art-429090-mesa-skien/art-429090-real-3.webp,/articulos-gacela-muebles-2026/linea-comedores/art-429090-mesa-skien/art-429090-silueta.webp,/articulos-gacela-muebles-2026/linea-comedores/art-429090-mesa-skien/escena-429090-sillas-blancas-riviera.webp,/articulos-gacela-muebles-2026/linea-comedores/art-429090-mesa-skien/escena-429090-sillas-negras-riviera.webp;/articulos-gacela-muebles-2026/linea-comedores/art-429090-mesa-skien/a429090-ia-im00.pdf;
GAC-ART429091MESASKARAEXTENSIBLE;art-429091-mesa-skara-extensible;linea-comedores;;;;;;;;;/articulos-gacela-muebles-2026/linea-comedores/art-429091-mesa-skara-extensible/art-429091-medidas.webp;/articulos-gacela-muebles-2026/linea-comedores/art-429091-mesa-skara-extensible/escena-combo-art-429091-sillas-blancas.webp,/articulos-gacela-muebles-2026/linea-comedores/art-429091-mesa-skara-extensible/art-429091-abierta-silueta.webp,/articulos-gacela-muebles-2026/linea-comedores/art-429091-mesa-skara-extensible/art-429091-detalle-de-correderas.webp,/articulos-gacela-muebles-2026/linea-comedores/art-429091-mesa-skara-extensible/art-429091-detalle-de-union-abriendo-tapas.webp,/articulos-gacela-muebles-2026/linea-comedores/art-429091-mesa-skara-extensible/art-429091-detalle-de-union-cerrando-tapas.webp,/articulos-gacela-muebles-2026/linea-comedores/art-429091-mesa-skara-extensible/art-429091-extensible-riviera-pd-abierta.webp,/articulos-gacela-muebles-2026/linea-comedores/art-429091-mesa-skara-extensible/art-429091-extensible-riviera-pf-abierta.webp,/articulos-gacela-muebles-2026/linea-comedores/art-429091-mesa-skara-extensible/art-429091-extensible-riviera-pf.webp,/articulos-gacela-muebles-2026/linea-comedores/art-429091-mesa-skara-extensible/art-429091-pl-extendida.webp;/articulos-gacela-muebles-2026/linea-comedores/art-429091-mesa-skara-extensible/a429091-ia-im00.pdf;
GAC-ART455090BARRADESAYUNADORVIKEN;art-455090-barra-desayunador-viken;linea-comedores;;;;;;;;;/articulos-gacela-muebles-2026/linea-comedores/art-455090-barra-desayunador-viken/art-455090-medidas.webp;/articulos-gacela-muebles-2026/linea-comedores/art-455090-barra-desayunador-viken/escena-art-455090.webp,/articulos-gacela-muebles-2026/linea-comedores/art-455090-barra-desayunador-viken/art-455090-pd.webp,/articulos-gacela-muebles-2026/linea-comedores/art-455090-barra-desayunador-viken/art-455090-pf.webp,/articulos-gacela-muebles-2026/linea-comedores/art-455090-barra-desayunador-viken/art-455090-pfs.webp,/articulos-gacela-muebles-2026/linea-comedores/art-455090-barra-desayunador-viken/art-455090-pi.webp,/articulos-gacela-muebles-2026/linea-comedores/art-455090-barra-desayunador-viken/art-455090-pl.webp,/articulos-gacela-muebles-2026/linea-comedores/art-455090-barra-desayunador-viken/art-455090-silueta.webp;/articulos-gacela-muebles-2026/linea-comedores/art-455090-barra-desayunador-viken/a455090-ia-im00.pdf;
GAC-ART5571MESAODENSE;art-557-1-mesa-odense;linea-comedores;;;;;;;;;/articulos-gacela-muebles-2026/linea-comedores/art-557-1-mesa-odense/art-557-1-medidas.webp;/articulos-gacela-muebles-2026/linea-comedores/art-557-1-mesa-odense/escena-combo-comedor-557-1-ssllas-blancas.webp,/articulos-gacela-muebles-2026/linea-comedores/art-557-1-mesa-odense/art-557-1-pf-silueta.webp,/articulos-gacela-muebles-2026/linea-comedores/art-557-1-mesa-odense/art-557-1-real-2-pf.webp,/articulos-gacela-muebles-2026/linea-comedores/art-557-1-mesa-odense/art-557-2.webp,/articulos-gacela-muebles-2026/linea-comedores/art-557-1-mesa-odense/escena-combo-comedor-557-1-ssllas-negras.webp;/articulos-gacela-muebles-2026/linea-comedores/art-557-1-mesa-odense/a005571-ia-im01-tornillo-35.pdf;
GAC-ART5572MESATAMPERE;art-557-2-mesa-tampere;linea-comedores;;;;;;;;;/articulos-gacela-muebles-2026/linea-comedores/art-557-2-mesa-tampere/art-557-2-medidas.webp;/articulos-gacela-muebles-2026/linea-comedores/art-557-2-mesa-tampere/escena-combo-comedor-557-2.webp,/articulos-gacela-muebles-2026/linea-comedores/art-557-2-mesa-tampere/art-557-2-pd.webp,/articulos-gacela-muebles-2026/linea-comedores/art-557-2-mesa-tampere/art-557-2-pf.webp,/articulos-gacela-muebles-2026/linea-comedores/art-557-2-mesa-tampere/art-557-2-pi.webp,/articulos-gacela-muebles-2026/linea-comedores/art-557-2-mesa-tampere/art-557-2-pl.webp,/articulos-gacela-muebles-2026/linea-comedores/art-557-2-mesa-tampere/art-557-2-riviera-pd-catalogo-2025.webp,/articulos-gacela-muebles-2026/linea-comedores/art-557-2-mesa-tampere/art-557-2-silueta.webp;/articulos-gacela-muebles-2026/linea-comedores/art-557-2-mesa-tampere/a005572-ia-im01.pdf;
GAC-ART557MESALEIR-BL;art-557-mesa-leir;linea-comedores;;Blanco;;;;;;;/articulos-gacela-muebles-2026/linea-comedores/art-557-mesa-leir/art-557-medidas.webp;/articulos-gacela-muebles-2026/linea-comedores/art-557-mesa-leir/escena-combo-comedor-557-blanco.webp,/articulos-gacela-muebles-2026/linea-comedores/art-557-mesa-leir/art-557-detalle-base-de-patas.webp,/articulos-gacela-muebles-2026/linea-comedores/art-557-mesa-leir/art-557-detalle-pata.webp,/articulos-gacela-muebles-2026/linea-comedores/art-557-mesa-leir/art-557-detalle-tapa-y-pata.webp,/articulos-gacela-muebles-2026/linea-comedores/art-557-mesa-leir/art-557-pd.webp,/articulos-gacela-muebles-2026/linea-comedores/art-557-mesa-leir/art-557-pf-silueta.webp,/articulos-gacela-muebles-2026/linea-comedores/art-557-mesa-leir/art-557-pf.webp,/articulos-gacela-muebles-2026/linea-comedores/art-557-mesa-leir/art-557-pi.webp,/articulos-gacela-muebles-2026/linea-comedores/art-557-mesa-leir/art-557-pl.webp;/articulos-gacela-muebles-2026/linea-comedores/art-557-mesa-leir/a000557-ia-im02.pdf;
GAC-ART557MESALEIR-NE;art-557-mesa-leir;linea-comedores;;Negro;;;;;;;/articulos-gacela-muebles-2026/linea-comedores/art-557-mesa-leir/art-557-medidas.webp;/articulos-gacela-muebles-2026/linea-comedores/art-557-mesa-leir/escena-combo-comedor-557-negro.webp,/articulos-gacela-muebles-2026/linea-comedores/art-557-mesa-leir/art-557-detalle-base-de-patas.webp,/articulos-gacela-muebles-2026/linea-comedores/art-557-mesa-leir/art-557-detalle-pata.webp,/articulos-gacela-muebles-2026/linea-comedores/art-557-mesa-leir/art-557-detalle-tapa-y-pata.webp,/articulos-gacela-muebles-2026/linea-comedores/art-557-mesa-leir/art-557-pd.webp,/articulos-gacela-muebles-2026/linea-comedores/art-557-mesa-leir/art-557-pf-silueta.webp,/articulos-gacela-muebles-2026/linea-comedores/art-557-mesa-leir/art-557-pf.webp,/articulos-gacela-muebles-2026/linea-comedores/art-557-mesa-leir/art-557-pi.webp,/articulos-gacela-muebles-2026/linea-comedores/art-557-mesa-leir/art-557-pl.webp;/articulos-gacela-muebles-2026/linea-comedores/art-557-mesa-leir/a000557-ia-im02.pdf;
GAC-ART334271ESCRITORIOATUEL;art-334271-escritorio-atuel;linea-curvalba;;;;;;;;;/articulos-gacela-muebles-2026/linea-curvalba/art-334271-escritorio-atuel/art-334271-medidas.webp;/articulos-gacela-muebles-2026/linea-curvalba/art-334271-escritorio-atuel/escena-art-334271-escena.webp,/articulos-gacela-muebles-2026/linea-curvalba/art-334271-escritorio-atuel/334271-foto-real-1.webp,/articulos-gacela-muebles-2026/linea-curvalba/art-334271-escritorio-atuel/334271-foto-real-2.webp,/articulos-gacela-muebles-2026/linea-curvalba/art-334271-escritorio-atuel/334271-foto-real-3.webp,/articulos-gacela-muebles-2026/linea-curvalba/art-334271-escritorio-atuel/334271-foto-real-4.webp,/articulos-gacela-muebles-2026/linea-curvalba/art-334271-escritorio-atuel/334271-foto-real-5.webp,/articulos-gacela-muebles-2026/linea-curvalba/art-334271-escritorio-atuel/art-334271-silueta.webp;/articulos-gacela-muebles-2026/linea-curvalba/art-334271-escritorio-atuel/a334271-ia-im00.pdf;
GAC-ART334272ESCRITORIOHUDSON;art-334272-escritorio-hudson;linea-curvalba;;;;;;;;;/articulos-gacela-muebles-2026/linea-curvalba/art-334272-escritorio-hudson/art-334272-medidas.webp;/articulos-gacela-muebles-2026/linea-curvalba/art-334272-escritorio-hudson/escena-art-334272-a-escena.webp,/articulos-gacela-muebles-2026/linea-curvalba/art-334272-escritorio-hudson/334272-foto-real-1.webp,/articulos-gacela-muebles-2026/linea-curvalba/art-334272-escritorio-hudson/334272-foto-real-2.webp,/articulos-gacela-muebles-2026/linea-curvalba/art-334272-escritorio-hudson/334272-foto-real-3.webp,/articulos-gacela-muebles-2026/linea-curvalba/art-334272-escritorio-hudson/334272-foto-real-4.webp,/articulos-gacela-muebles-2026/linea-curvalba/art-334272-escritorio-hudson/334272-foto-real-5.webp,/articulos-gacela-muebles-2026/linea-curvalba/art-334272-escritorio-hudson/art-334272-silueta.webp;/articulos-gacela-muebles-2026/linea-curvalba/art-334272-escritorio-hudson/a334272-ia-im00.pdf;
GAC-ART336270MESADECENTROLOA;art-336270-mesa-de-centro-loa;linea-curvalba;;;;;;;;;/articulos-gacela-muebles-2026/linea-curvalba/art-336270-mesa-de-centro-loa/art-336270-medidas.webp;/articulos-gacela-muebles-2026/linea-curvalba/art-336270-mesa-de-centro-loa/escena-336270.webp,/articulos-gacela-muebles-2026/linea-curvalba/art-336270-mesa-de-centro-loa/336270-foto-real-1.webp,/articulos-gacela-muebles-2026/linea-curvalba/art-336270-mesa-de-centro-loa/336270-foto-real-2.webp,/articulos-gacela-muebles-2026/linea-curvalba/art-336270-mesa-de-centro-loa/336270-foto-real-3.webp,/articulos-gacela-muebles-2026/linea-curvalba/art-336270-mesa-de-centro-loa/art-336270-silueta.webp;/articulos-gacela-muebles-2026/linea-curvalba/art-336270-mesa-de-centro-loa/a326270-ia-im00.pdf;
GAC-ART353270BIBLIOTECAARNO;art-353270-biblioteca-arno;linea-curvalba;;;;;;;;;/articulos-gacela-muebles-2026/linea-curvalba/art-353270-biblioteca-arno/art-353270-medidas.webp;/articulos-gacela-muebles-2026/linea-curvalba/art-353270-biblioteca-arno/escena-art-353270-escena.webp,/articulos-gacela-muebles-2026/linea-curvalba/art-353270-biblioteca-arno/353270-foto-real-1.webp,/articulos-gacela-muebles-2026/linea-curvalba/art-353270-biblioteca-arno/353270-foto-real-2.webp,/articulos-gacela-muebles-2026/linea-curvalba/art-353270-biblioteca-arno/353270-foto-real-3.webp,/articulos-gacela-muebles-2026/linea-curvalba/art-353270-biblioteca-arno/353270-foto-real-4.webp,/articulos-gacela-muebles-2026/linea-curvalba/art-353270-biblioteca-arno/353270-foto-real-5.webp,/articulos-gacela-muebles-2026/linea-curvalba/art-353270-biblioteca-arno/art-353270-pf-silueta.webp;/articulos-gacela-muebles-2026/linea-curvalba/art-353270-biblioteca-arno/a353270-ia-im00.pdf;
GAC-ART372150SETDEMESASLOIRE;art-372150-set-de-mesas-loire;linea-curvalba;;;;;;;;;/articulos-gacela-muebles-2026/linea-curvalba/art-372150-set-de-mesas-loire/art-372150-medidas.webp;/articulos-gacela-muebles-2026/linea-curvalba/art-372150-set-de-mesas-loire/escena-art-372150-a.webp,/articulos-gacela-muebles-2026/linea-curvalba/art-372150-set-de-mesas-loire/art-372150-foto-real-1.webp,/articulos-gacela-muebles-2026/linea-curvalba/art-372150-set-de-mesas-loire/art-372150-foto-real-2.webp,/articulos-gacela-muebles-2026/linea-curvalba/art-372150-set-de-mesas-loire/art-372150-foto-real-3.webp,/articulos-gacela-muebles-2026/linea-curvalba/art-372150-set-de-mesas-loire/art-372150-silueta.webp;/articulos-gacela-muebles-2026/linea-curvalba/art-372150-set-de-mesas-loire/a372150-ia-im00.pdf;
GAC-ART405270BAHIUTTAGUS;art-405270-bahiut-tagus;linea-curvalba;;;;;;;;;/articulos-gacela-muebles-2026/linea-curvalba/art-405270-bahiut-tagus/405270-foto-real-medidas.webp;/articulos-gacela-muebles-2026/linea-curvalba/art-405270-bahiut-tagus/escena-405270-foto-real-6.webp,/articulos-gacela-muebles-2026/linea-curvalba/art-405270-bahiut-tagus/405270-foto-real-1.webp,/articulos-gacela-muebles-2026/linea-curvalba/art-405270-bahiut-tagus/405270-foto-real-2.webp,/articulos-gacela-muebles-2026/linea-curvalba/art-405270-bahiut-tagus/405270-foto-real-3-interior.webp,/articulos-gacela-muebles-2026/linea-curvalba/art-405270-bahiut-tagus/405270-foto-real-3.webp,/articulos-gacela-muebles-2026/linea-curvalba/art-405270-bahiut-tagus/405270-silueta.webp;/articulos-gacela-muebles-2026/linea-curvalba/art-405270-bahiut-tagus/a405270-ia-im00.pdf;
GAC-ART446270RACKNIGGER;art-446270-rack-nigger;linea-curvalba;;;;;;;;;/articulos-gacela-muebles-2026/linea-curvalba/art-446270-rack-nigger/art-446270-medidas.webp;/articulos-gacela-muebles-2026/linea-curvalba/art-446270-rack-nigger/escena-art-446270.webp,/articulos-gacela-muebles-2026/linea-curvalba/art-446270-rack-nigger/446270-foto-real-2.webp,/articulos-gacela-muebles-2026/linea-curvalba/art-446270-rack-nigger/446270-real-1.webp,/articulos-gacela-muebles-2026/linea-curvalba/art-446270-rack-nigger/art-446270-silueta.webp;/articulos-gacela-muebles-2026/linea-curvalba/art-446270-rack-nigger/a446270-ia-im00.pdf;
GAC-ART716270COMODADANUBIO;art-716270-comoda-danubio;linea-curvalba;;;;;;;;;/articulos-gacela-muebles-2026/linea-curvalba/art-716270-comoda-danubio/art-716270-medidas.webp;/articulos-gacela-muebles-2026/linea-curvalba/art-716270-comoda-danubio/art-716270-escena.webp,/articulos-gacela-muebles-2026/linea-curvalba/art-716270-comoda-danubio/art-716270-pd-abierto.webp,/articulos-gacela-muebles-2026/linea-curvalba/art-716270-comoda-danubio/art-716270-pd.webp,/articulos-gacela-muebles-2026/linea-curvalba/art-716270-comoda-danubio/art-716270-pf.webp,/articulos-gacela-muebles-2026/linea-curvalba/art-716270-comoda-danubio/art-716270-pfs.webp,/articulos-gacela-muebles-2026/linea-curvalba/art-716270-comoda-danubio/art-716270-pi-abierto.webp,/articulos-gacela-muebles-2026/linea-curvalba/art-716270-comoda-danubio/art-716270-pi.webp,/articulos-gacela-muebles-2026/linea-curvalba/art-716270-comoda-danubio/art-716270-silueta.webp;/articulos-gacela-muebles-2026/linea-curvalba/art-716270-comoda-danubio/a716270-ia-im00.pdf;
GAC-ART732270MESADELUZLIMAY;art-732270-mesa-de-luz-limay;linea-curvalba;;;;;;;;;/articulos-gacela-muebles-2026/linea-curvalba/art-732270-mesa-de-luz-limay/732270-foto-real-medidas.webp;/articulos-gacela-muebles-2026/linea-curvalba/art-732270-mesa-de-luz-limay/732270-foto-real-escena.webp,/articulos-gacela-muebles-2026/linea-curvalba/art-732270-mesa-de-luz-limay/732270-foto-real-1.webp,/articulos-gacela-muebles-2026/linea-curvalba/art-732270-mesa-de-luz-limay/732270-foto-real-2.webp,/articulos-gacela-muebles-2026/linea-curvalba/art-732270-mesa-de-luz-limay/732270-foto-real-3.webp,/articulos-gacela-muebles-2026/linea-curvalba/art-732270-mesa-de-luz-limay/732270-foto-real-4.webp,/articulos-gacela-muebles-2026/linea-curvalba/art-732270-mesa-de-luz-limay/732270-foto-real-6.webp,/articulos-gacela-muebles-2026/linea-curvalba/art-732270-mesa-de-luz-limay/escena-art-732270-a.webp;/articulos-gacela-muebles-2026/linea-curvalba/art-732270-mesa-de-luz-limay/a732270-ia-im00.pdf;
GAC-ART742270PLACARDRHINE;art-742270-placard-rhine;linea-curvalba;;;;;;;;;/articulos-gacela-muebles-2026/linea-curvalba/art-742270-placard-rhine/art-742270-medidas.webp;/articulos-gacela-muebles-2026/linea-curvalba/art-742270-placard-rhine/escena-art-742270-a.webp,/articulos-gacela-muebles-2026/linea-curvalba/art-742270-placard-rhine/1.webp,/articulos-gacela-muebles-2026/linea-curvalba/art-742270-placard-rhine/2.webp,/articulos-gacela-muebles-2026/linea-curvalba/art-742270-placard-rhine/3.webp,/articulos-gacela-muebles-2026/linea-curvalba/art-742270-placard-rhine/4.webp,/articulos-gacela-muebles-2026/linea-curvalba/art-742270-placard-rhine/5-con-ropa.webp,/articulos-gacela-muebles-2026/linea-curvalba/art-742270-placard-rhine/5.webp,/articulos-gacela-muebles-2026/linea-curvalba/art-742270-placard-rhine/6.webp,/articulos-gacela-muebles-2026/linea-curvalba/art-742270-placard-rhine/art-742270-silueta.webp,/articulos-gacela-muebles-2026/linea-curvalba/art-742270-placard-rhine/escena-art-742270-b.webp;/articulos-gacela-muebles-2026/linea-curvalba/art-742270-placard-rhine/a742270-ia-im00.pdf;
GAC-ART742272PLACARDVOLGA;art-742272-placard-volga;linea-curvalba;;;;;;;;;/articulos-gacela-muebles-2026/linea-curvalba/art-742272-placard-volga/art-742272-medidas.webp;/articulos-gacela-muebles-2026/linea-curvalba/art-742272-placard-volga/escena-art-742272-pf.webp,/articulos-gacela-muebles-2026/linea-curvalba/art-742272-placard-volga/art-742272-con-ropa.webp,/articulos-gacela-muebles-2026/linea-curvalba/art-742272-placard-volga/art-742272-pi-real-1.webp,/articulos-gacela-muebles-2026/linea-curvalba/art-742272-placard-volga/art-742272-pi-real-2.webp,/articulos-gacela-muebles-2026/linea-curvalba/art-742272-placard-volga/art-742272-silueta.webp,/articulos-gacela-muebles-2026/linea-curvalba/art-742272-placard-volga/real-742272-pi.webp;/articulos-gacela-muebles-2026/linea-curvalba/art-742272-placard-volga/a742272-ia-im00.pdf;
GAC-ART742273PLACARDSEINE;art-742273-placard-seine;linea-curvalba;;;;;;;;;/articulos-gacela-muebles-2026/linea-curvalba/art-742273-placard-seine/art-742273-medidas.webp;/articulos-gacela-muebles-2026/linea-curvalba/art-742273-placard-seine/escena-art-742273.webp,/articulos-gacela-muebles-2026/linea-curvalba/art-742273-placard-seine/art-742272-silueta.webp,/articulos-gacela-muebles-2026/linea-curvalba/art-742273-placard-seine/art-742273-pf-con-ropa.webp,/articulos-gacela-muebles-2026/linea-curvalba/art-742273-placard-seine/art-742273-pf.webp,/articulos-gacela-muebles-2026/linea-curvalba/art-742273-placard-seine/art-742273-pi.webp;/articulos-gacela-muebles-2026/linea-curvalba/art-742273-placard-seine/a742273-ia-im00.pdf;
GAC-BLANCO-BL;blanco;linea-gamer;;Blanco;;;;;;;/articulos-gacela-muebles-2026/linea-gamer/Art 734222 (Escritorio FENIX)/blanco/art-734222-blanco-medidas.webp;/articulos-gacela-muebles-2026/linea-gamer/Art 734222 (Escritorio FENIX)/blanco/escena-art-734222-blanco.webp,/articulos-gacela-muebles-2026/linea-gamer/Art 734222 (Escritorio FENIX)/blanco/art-734222-blanco-silueta.webp,/articulos-gacela-muebles-2026/linea-gamer/Art 734222 (Escritorio FENIX)/blanco/art-734222-pd-blanco.webp,/articulos-gacela-muebles-2026/linea-gamer/Art 734222 (Escritorio FENIX)/blanco/art-734222-pf-blanco.webp,/articulos-gacela-muebles-2026/linea-gamer/Art 734222 (Escritorio FENIX)/blanco/art-734222-pfs-blanco.webp,/articulos-gacela-muebles-2026/linea-gamer/Art 734222 (Escritorio FENIX)/blanco/art-734222-pld-blanco.webp;/articulos-gacela-muebles-2026/linea-gamer/Art 734222 (Escritorio FENIX)/blanco/a734222-ia-im00.pdf;
GAC-ROJO;rojo;linea-gamer;;;;;;;;;/articulos-gacela-muebles-2026/linea-gamer/Art 734222 (Escritorio FENIX)/rojo/art-734222-rojo-medidas.webp;/articulos-gacela-muebles-2026/linea-gamer/Art 734222 (Escritorio FENIX)/rojo/escena-art-734222-rojo.webp,/articulos-gacela-muebles-2026/linea-gamer/Art 734222 (Escritorio FENIX)/rojo/art-734222-pd-rojo.webp,/articulos-gacela-muebles-2026/linea-gamer/Art 734222 (Escritorio FENIX)/rojo/art-734222-pds-rojo.webp,/articulos-gacela-muebles-2026/linea-gamer/Art 734222 (Escritorio FENIX)/rojo/art-734222-pf-rojo.webp,/articulos-gacela-muebles-2026/linea-gamer/Art 734222 (Escritorio FENIX)/rojo/art-734222-rojo-silueta.webp;/articulos-gacela-muebles-2026/linea-gamer/Art 734222 (Escritorio FENIX)/rojo/a734222-ia-im00.pdf;
GAC-ART334090ESCRITORIOCAPIBARA;art-334090-escritorio-capibara;linea-infantil;;;;;;;;;/articulos-gacela-muebles-2026/linea-infantil/art-334090-escritorio-capibara/art-334090-capiobara-medidas.webp;/articulos-gacela-muebles-2026/linea-infantil/art-334090-escritorio-capibara/escena-art-334090-capibara.webp,/articulos-gacela-muebles-2026/linea-infantil/art-334090-escritorio-capibara/334090-real-1-v1.webp,/articulos-gacela-muebles-2026/linea-infantil/art-334090-escritorio-capibara/334090-real-2-v1.webp,/articulos-gacela-muebles-2026/linea-infantil/art-334090-escritorio-capibara/art-334090-capibara-pf-silueta.webp,/articulos-gacela-muebles-2026/linea-infantil/art-334090-escritorio-capibara/escena-infantil-capibara.webp,/articulos-gacela-muebles-2026/linea-infantil/art-334090-escritorio-capibara/escritorio-334090-silla-c-pi-capibara.webp,/articulos-gacela-muebles-2026/linea-infantil/art-334090-escritorio-capibara/escritorio-334090-silla-c-pis-capibara.webp;/articulos-gacela-muebles-2026/linea-infantil/art-334090-escritorio-capibara/a334090-ia-im01.pdf;
GAC-ART740151ORGANIZADORCAPIBARA;art-740151-organizador-capibara;linea-infantil;;;;;;;;;/articulos-gacela-muebles-2026/linea-infantil/art-740151-organizador-capibara/art-740151-capibara-medidas.webp;/articulos-gacela-muebles-2026/linea-infantil/art-740151-organizador-capibara/escena-art-740151-a.webp,/articulos-gacela-muebles-2026/linea-infantil/art-740151-organizador-capibara/740151-real-1-v1.webp,/articulos-gacela-muebles-2026/linea-infantil/art-740151-organizador-capibara/740151-real-2-v1.webp,/articulos-gacela-muebles-2026/linea-infantil/art-740151-organizador-capibara/740151-real-4-v1.webp,/articulos-gacela-muebles-2026/linea-infantil/art-740151-organizador-capibara/art-740151-capibara-pf-silueta.webp,/articulos-gacela-muebles-2026/linea-infantil/art-740151-organizador-capibara/escena-art-740151.webp;/articulos-gacela-muebles-2026/linea-infantil/art-740151-organizador-capibara/a740150-ia-im00.pdf;
GAC-ART753153BIBLIOTECACAPIBARA;art-753153-biblioteca-capibara;linea-infantil;;;;;;;;;/articulos-gacela-muebles-2026/linea-infantil/art-753153-biblioteca-capibara/art-753153-capibara-medidas.webp;/articulos-gacela-muebles-2026/linea-infantil/art-753153-biblioteca-capibara/escena-art-753153.webp,/articulos-gacela-muebles-2026/linea-infantil/art-753153-biblioteca-capibara/753153-foto-real-1-v1.webp,/articulos-gacela-muebles-2026/linea-infantil/art-753153-biblioteca-capibara/753153-foto-real-2-v1.webp,/articulos-gacela-muebles-2026/linea-infantil/art-753153-biblioteca-capibara/753153-foto-real-3-v1.webp,/articulos-gacela-muebles-2026/linea-infantil/art-753153-biblioteca-capibara/753153-foto-real-4-v1.webp,/articulos-gacela-muebles-2026/linea-infantil/art-753153-biblioteca-capibara/art-753153-capibara-pf-silueta.webp;/articulos-gacela-muebles-2026/linea-infantil/art-753153-biblioteca-capibara/a753153-ia-im00.pdf;
GAC-ART315250CENTRODEENTRETENIMIENTOKOBE-BL;art-315250-centro-de-entretenimiento-kobe;linea-kyoto;;Blanco;;;;;;;/articulos-gacela-muebles-2026/linea-kyoto/art-315250-centro-de-entretenimiento-kobe/art-315250-medidas-negro.webp;/articulos-gacela-muebles-2026/linea-kyoto/art-315250-centro-de-entretenimiento-kobe/escena-art-315250-blanco.webp,/articulos-gacela-muebles-2026/linea-kyoto/art-315250-centro-de-entretenimiento-kobe/art-315250-real-pd-blanco.webp,/articulos-gacela-muebles-2026/linea-kyoto/art-315250-centro-de-entretenimiento-kobe/art-315250-real-pf-blanco.webp,/articulos-gacela-muebles-2026/linea-kyoto/art-315250-centro-de-entretenimiento-kobe/art-315250-real-pi-blanco.webp,/articulos-gacela-muebles-2026/linea-kyoto/art-315250-centro-de-entretenimiento-kobe/art-315250-silueta-blanco.webp;/articulos-gacela-muebles-2026/linea-kyoto/art-315250-centro-de-entretenimiento-kobe/a315250-ia-im01.pdf;
GAC-ART315250CENTRODEENTRETENIMIENTOKOBE-NE;art-315250-centro-de-entretenimiento-kobe;linea-kyoto;;Negro;;;;;;;/articulos-gacela-muebles-2026/linea-kyoto/art-315250-centro-de-entretenimiento-kobe/art-315250-medidas-negro.webp;/articulos-gacela-muebles-2026/linea-kyoto/art-315250-centro-de-entretenimiento-kobe/escena-art-315250-negro.webp,/articulos-gacela-muebles-2026/linea-kyoto/art-315250-centro-de-entretenimiento-kobe/art-315250-real-pd-negro.webp,/articulos-gacela-muebles-2026/linea-kyoto/art-315250-centro-de-entretenimiento-kobe/art-315250-real-pf-negro.webp,/articulos-gacela-muebles-2026/linea-kyoto/art-315250-centro-de-entretenimiento-kobe/art-315250-real-pi-negro.webp,/articulos-gacela-muebles-2026/linea-kyoto/art-315250-centro-de-entretenimiento-kobe/art-315250-silueta-negro.webp;/articulos-gacela-muebles-2026/linea-kyoto/art-315250-centro-de-entretenimiento-kobe/a315250-ia-im01.pdf;
GAC-ART315251CENTRODEENTRETENIMIENTOSAPPORO;art-315251-centro-de-entretenimiento-sapporo;linea-kyoto;;;;;;;;;/articulos-gacela-muebles-2026/linea-kyoto/art-315251-centro-de-entretenimiento-sapporo/art-315251-medidas.webp;/articulos-gacela-muebles-2026/linea-kyoto/art-315251-centro-de-entretenimiento-sapporo/escena-art-315251.webp,/articulos-gacela-muebles-2026/linea-kyoto/art-315251-centro-de-entretenimiento-sapporo/315251-foto-real-1.webp,/articulos-gacela-muebles-2026/linea-kyoto/art-315251-centro-de-entretenimiento-sapporo/315251-foto-real-2.webp,/articulos-gacela-muebles-2026/linea-kyoto/art-315251-centro-de-entretenimiento-sapporo/315251-foto-real-3.webp,/articulos-gacela-muebles-2026/linea-kyoto/art-315251-centro-de-entretenimiento-sapporo/art-315251-silueta.webp;/articulos-gacela-muebles-2026/linea-kyoto/art-315251-centro-de-entretenimiento-sapporo/a315251-ia-im00.pdf;
GAC-ART322250BIBLIOTECASEPARADORKANAZAWA;art-322250-biblioteca-separador-kanazawa;linea-kyoto;;;;;;;;;/articulos-gacela-muebles-2026/linea-kyoto/art-322250-biblioteca-separador-kanazawa/art-322250-medidas.webp;/articulos-gacela-muebles-2026/linea-kyoto/art-322250-biblioteca-separador-kanazawa/escena-art-322250-divisor-de-ambientes.webp,/articulos-gacela-muebles-2026/linea-kyoto/art-322250-biblioteca-separador-kanazawa/art-322250-pd.webp,/articulos-gacela-muebles-2026/linea-kyoto/art-322250-biblioteca-separador-kanazawa/art-322250-pf.webp,/articulos-gacela-muebles-2026/linea-kyoto/art-322250-biblioteca-separador-kanazawa/art-322250-pi.webp,/articulos-gacela-muebles-2026/linea-kyoto/art-322250-biblioteca-separador-kanazawa/art-322250-real-abierto.webp,/articulos-gacela-muebles-2026/linea-kyoto/art-322250-biblioteca-separador-kanazawa/art-322250-silueta.webp,/articulos-gacela-muebles-2026/linea-kyoto/art-322250-biblioteca-separador-kanazawa/escena-art-322250.webp;/articulos-gacela-muebles-2026/linea-kyoto/art-322250-biblioteca-separador-kanazawa/a322250-ia-im00.pdf;
GAC-ART326250MESADECENTROOSAKA;art-326250-mesa-de-centro-osaka;linea-kyoto;;;;;;;;;/articulos-gacela-muebles-2026/linea-kyoto/art-326250-mesa-de-centro-osaka/art-326250-medidas.webp;/articulos-gacela-muebles-2026/linea-kyoto/art-326250-mesa-de-centro-osaka/escena-art-326250.webp,/articulos-gacela-muebles-2026/linea-kyoto/art-326250-mesa-de-centro-osaka/art-326250-real-pd-abierto.webp,/articulos-gacela-muebles-2026/linea-kyoto/art-326250-mesa-de-centro-osaka/art-326250-real-pd.webp,/articulos-gacela-muebles-2026/linea-kyoto/art-326250-mesa-de-centro-osaka/art-326250-real-pf.webp,/articulos-gacela-muebles-2026/linea-kyoto/art-326250-mesa-de-centro-osaka/art-326250-silueta.webp;/articulos-gacela-muebles-2026/linea-kyoto/art-326250-mesa-de-centro-osaka/a326250-ia-im00.pdf;
GAC-ART331250MESADECENTRONARA;art-331250-mesa-de-centro-nara;linea-kyoto;;;;;;;;;/articulos-gacela-muebles-2026/linea-kyoto/art-331250-mesa-de-centro-nara/art-331250-medidas.webp;/articulos-gacela-muebles-2026/linea-kyoto/art-331250-mesa-de-centro-nara/escena-art-331250-a.webp,/articulos-gacela-muebles-2026/linea-kyoto/art-331250-mesa-de-centro-nara/art-331250-real-1.webp,/articulos-gacela-muebles-2026/linea-kyoto/art-331250-mesa-de-centro-nara/art-331250-real-2.webp,/articulos-gacela-muebles-2026/linea-kyoto/art-331250-mesa-de-centro-nara/art-331250-real-3.webp,/articulos-gacela-muebles-2026/linea-kyoto/art-331250-mesa-de-centro-nara/art-331250-real-4.webp,/articulos-gacela-muebles-2026/linea-kyoto/art-331250-mesa-de-centro-nara/art-331250-silueta.webp,/articulos-gacela-muebles-2026/linea-kyoto/art-331250-mesa-de-centro-nara/escena-art-331250-b.webp;;
GAC-ART334250ESCRITORIONIKKO;art-334250-escritorio-nikko;linea-kyoto;;;;;;;;;/articulos-gacela-muebles-2026/linea-kyoto/art-334250-escritorio-nikko/334250-foto-real-medidas.webp;/articulos-gacela-muebles-2026/linea-kyoto/art-334250-escritorio-nikko/334250-foto-real-1a.webp,/articulos-gacela-muebles-2026/linea-kyoto/art-334250-escritorio-nikko/334250-foto-real-2a.webp,/articulos-gacela-muebles-2026/linea-kyoto/art-334250-escritorio-nikko/334250-foto-real-3a.webp,/articulos-gacela-muebles-2026/linea-kyoto/art-334250-escritorio-nikko/334250-foto-real-6a.webp,/articulos-gacela-muebles-2026/linea-kyoto/art-334250-escritorio-nikko/334250-foto-real-8.webp,/articulos-gacela-muebles-2026/linea-kyoto/art-334250-escritorio-nikko/art-326250-silueta.webp;/articulos-gacela-muebles-2026/linea-kyoto/art-334250-escritorio-nikko/a334250-ia-im00.pdf;
GAC-ART353250BIBLIOTECATAKAYAMA;art-353250-biblioteca-takayama;linea-kyoto;;;;;;;;;/articulos-gacela-muebles-2026/linea-kyoto/art-353250-biblioteca-takayama/art-353250-medidas.webp;/articulos-gacela-muebles-2026/linea-kyoto/art-353250-biblioteca-takayama/escena-art-353250.webp,/articulos-gacela-muebles-2026/linea-kyoto/art-353250-biblioteca-takayama/art-353250-real-abierto.webp,/articulos-gacela-muebles-2026/linea-kyoto/art-353250-biblioteca-takayama/art-353250-real-pd.webp,/articulos-gacela-muebles-2026/linea-kyoto/art-353250-biblioteca-takayama/art-353250-real-pf.webp,/articulos-gacela-muebles-2026/linea-kyoto/art-353250-biblioteca-takayama/art-353250-silueta.webp;/articulos-gacela-muebles-2026/linea-kyoto/art-353250-biblioteca-takayama/a353250-ia-im00.pdf;
GAC-ART446250RACKFUKUOKA;art-446250-rack-fukuoka;linea-kyoto;;;;;;;;;/articulos-gacela-muebles-2026/linea-kyoto/art-446250-rack-fukuoka/446250-foto-real-1-medidas.webp;/articulos-gacela-muebles-2026/linea-kyoto/art-446250-rack-fukuoka/446250-foto-real-1.webp,/articulos-gacela-muebles-2026/linea-kyoto/art-446250-rack-fukuoka/446250-foto-real-2.webp,/articulos-gacela-muebles-2026/linea-kyoto/art-446250-rack-fukuoka/446250-foto-real-3.webp,/articulos-gacela-muebles-2026/linea-kyoto/art-446250-rack-fukuoka/446250-foto-real-4.webp,/articulos-gacela-muebles-2026/linea-kyoto/art-446250-rack-fukuoka/446250-foto-real-5.webp,/articulos-gacela-muebles-2026/linea-kyoto/art-446250-rack-fukuoka/446250-foto-real-6.webp,/articulos-gacela-muebles-2026/linea-kyoto/art-446250-rack-fukuoka/446250-foto-real-7.webp,/articulos-gacela-muebles-2026/linea-kyoto/art-446250-rack-fukuoka/446250-foto-real-8.webp,/articulos-gacela-muebles-2026/linea-kyoto/art-446250-rack-fukuoka/art-446250-silueta.webp;/articulos-gacela-muebles-2026/linea-kyoto/art-446250-rack-fukuoka/a446250-ia-im00.pdf;
GAC-ART760250BAHIUTNAGOYA;art-760250-bahiut-nagoya;linea-kyoto;;;;;;;;;/articulos-gacela-muebles-2026/linea-kyoto/art-760250-bahiut-nagoya/art-760250-medidas.webp;/articulos-gacela-muebles-2026/linea-kyoto/art-760250-bahiut-nagoya/escena-art-760250-a.webp,/articulos-gacela-muebles-2026/linea-kyoto/art-760250-bahiut-nagoya/art-760250-pf-silueta.webp,/articulos-gacela-muebles-2026/linea-kyoto/art-760250-bahiut-nagoya/art-760250-pf.webp,/articulos-gacela-muebles-2026/linea-kyoto/art-760250-bahiut-nagoya/art-760250-pi.webp,/articulos-gacela-muebles-2026/linea-kyoto/art-760250-bahiut-nagoya/art-760250-pl.webp,/articulos-gacela-muebles-2026/linea-kyoto/art-760250-bahiut-nagoya/escena-art-760250-interior.webp;/articulos-gacela-muebles-2026/linea-kyoto/art-760250-bahiut-nagoya/a760250-ia-im00.pdf;
GAC-ART331300MESADECENTROLUMI;art-331300-mesa-de-centro-lumi;linea-lumo;;;;;;;;;/articulos-gacela-muebles-2026/linea-lumo/art-331300-mesa-de-centro-lumi/art-331300-medidas.webp;/articulos-gacela-muebles-2026/linea-lumo/art-331300-mesa-de-centro-lumi/escena-mesa-de-centro-lumo-pd.webp,/articulos-gacela-muebles-2026/linea-lumo/art-331300-mesa-de-centro-lumi/art-331300-real-1.webp,/articulos-gacela-muebles-2026/linea-lumo/art-331300-mesa-de-centro-lumi/art-331300-real-2.webp,/articulos-gacela-muebles-2026/linea-lumo/art-331300-mesa-de-centro-lumi/art-331300-silueta.webp;;
GAC-ART405300BAHIUTFUSAKE-CA;art-405300-bahiut-fusake;linea-lumo;;Carvalho;;;;;;;/articulos-gacela-muebles-2026/linea-lumo/art-405300-bahiut-fusake/art-405300-medidas.webp;/articulos-gacela-muebles-2026/linea-lumo/art-405300-bahiut-fusake/escena-bahiut-lumo-pd-carvalho.webp,/articulos-gacela-muebles-2026/linea-lumo/art-405300-bahiut-fusake/art-405300-silueta.webp,/articulos-gacela-muebles-2026/linea-lumo/art-405300-bahiut-fusake/bahiut-lumo-pd-carvalho.webp,/articulos-gacela-muebles-2026/linea-lumo/art-405300-bahiut-fusake/bahiut-lumo-pf-carvalho.webp;;
GAC-ART716300COMODAARNA-CA;art-716300-comoda-arna;linea-lumo;;Carvalho;;;;;;;/articulos-gacela-muebles-2026/linea-lumo/art-716300-comoda-arna/art-716300-medidas.webp;/articulos-gacela-muebles-2026/linea-lumo/art-716300-comoda-arna/escena-comoda-lumo-pf-carvalho.webp,/articulos-gacela-muebles-2026/linea-lumo/art-716300-comoda-arna/art-716300-real-1.webp,/articulos-gacela-muebles-2026/linea-lumo/art-716300-comoda-arna/art-716300-real-2.webp,/articulos-gacela-muebles-2026/linea-lumo/art-716300-comoda-arna/art-716300-silueta.webp;;
GAC-ART732300MESADELUZFOSS;art-732300-mesa-de-luz-foss;linea-lumo;;;;;;;;;/articulos-gacela-muebles-2026/linea-lumo/art-732300-mesa-de-luz-foss/art-732300-medidas.webp;/articulos-gacela-muebles-2026/linea-lumo/art-732300-mesa-de-luz-foss/escena-mesa-de-luz-lumo.webp,/articulos-gacela-muebles-2026/linea-lumo/art-732300-mesa-de-luz-foss/art-732300-real-1.webp,/articulos-gacela-muebles-2026/linea-lumo/art-732300-mesa-de-luz-foss/art-732300-real-2.webp,/articulos-gacela-muebles-2026/linea-lumo/art-732300-mesa-de-luz-foss/art-732300-silueta.webp;;
GAC-ART446300RACKDRAM-CA;art446300-rack-dram;linea-lumo;;Carvalho;;;;;;;/articulos-gacela-muebles-2026/linea-lumo/art446300-rack-dram/art-446300-medidas.webp;/articulos-gacela-muebles-2026/linea-lumo/art446300-rack-dram/escena-rack-lumo-pd-carvalho.webp,/articulos-gacela-muebles-2026/linea-lumo/art446300-rack-dram/art-446300-silueta.webp,/articulos-gacela-muebles-2026/linea-lumo/art446300-rack-dram/rack-lumo-pd-carvalho.webp,/articulos-gacela-muebles-2026/linea-lumo/art446300-rack-dram/rack-lumo-pf-carvalho.webp;;
GAC-ART116SETDEMESASREDONDASOSLO;art-116-set-de-mesas-redondas-oslo;linea-nordik;;;;;;;;;/articulos-gacela-muebles-2026/linea-nordik/art-116-set-de-mesas-redondas-oslo/art-116-medidas.webp;/articulos-gacela-muebles-2026/linea-nordik/art-116-set-de-mesas-redondas-oslo/escena-art-116-a.webp,/articulos-gacela-muebles-2026/linea-nordik/art-116-set-de-mesas-redondas-oslo/art-116-silueta.webp,/articulos-gacela-muebles-2026/linea-nordik/art-116-set-de-mesas-redondas-oslo/foto-real-1.webp,/articulos-gacela-muebles-2026/linea-nordik/art-116-set-de-mesas-redondas-oslo/foto-real-2.webp,/articulos-gacela-muebles-2026/linea-nordik/art-116-set-de-mesas-redondas-oslo/foto-real-3.webp,/articulos-gacela-muebles-2026/linea-nordik/art-116-set-de-mesas-redondas-oslo/foto-real-4.webp,/articulos-gacela-muebles-2026/linea-nordik/art-116-set-de-mesas-redondas-oslo/foto-real-5.webp;/articulos-gacela-muebles-2026/linea-nordik/art-116-set-de-mesas-redondas-oslo/s000116-ia-im01.pdf;
GAC-ART234094ESCRITORIOHAMAR;art-234094-escritorio-hamar;linea-nordik;;;;;;;;;/articulos-gacela-muebles-2026/linea-nordik/art-234094-escritorio-hamar/234094-foto-real-medidas.webp;/articulos-gacela-muebles-2026/linea-nordik/art-234094-escritorio-hamar/234094-foto-real-1.webp,/articulos-gacela-muebles-2026/linea-nordik/art-234094-escritorio-hamar/234094-foto-real-2.webp,/articulos-gacela-muebles-2026/linea-nordik/art-234094-escritorio-hamar/234094-foto-real-3.webp,/articulos-gacela-muebles-2026/linea-nordik/art-234094-escritorio-hamar/234094-foto-real-4.webp,/articulos-gacela-muebles-2026/linea-nordik/art-234094-escritorio-hamar/234094-foto-real-7-a.webp,/articulos-gacela-muebles-2026/linea-nordik/art-234094-escritorio-hamar/art-234094-pf-silueta.webp;/articulos-gacela-muebles-2026/linea-nordik/art-234094-escritorio-hamar/a234094-ia-im00.pdf;
GAC-ART321021ESCRITORIOELIN;art-321021-escritorio-elin;linea-nordik;;;;;;;;;/articulos-gacela-muebles-2026/linea-nordik/art-321021-escritorio-elin/art-321021-medidas.webp;/articulos-gacela-muebles-2026/linea-nordik/art-321021-escritorio-elin/escena-art-321021.webp,/articulos-gacela-muebles-2026/linea-nordik/art-321021-escritorio-elin/321021-foto-real-1-v1.webp,/articulos-gacela-muebles-2026/linea-nordik/art-321021-escritorio-elin/321021-foto-real-2-v1.webp,/articulos-gacela-muebles-2026/linea-nordik/art-321021-escritorio-elin/321021-foto-real-3-v1.webp,/articulos-gacela-muebles-2026/linea-nordik/art-321021-escritorio-elin/321021-foto-real-4-v1.webp,/articulos-gacela-muebles-2026/linea-nordik/art-321021-escritorio-elin/art-set-321021-pf-silueta.webp;/articulos-gacela-muebles-2026/linea-nordik/art-321021-escritorio-elin/a321021-ia-im00.pdf;
GAC-ART331330MESADECENTROLYS;art-331330-mesa-de-centro-lys;linea-nordik;;;;;;;;;/articulos-gacela-muebles-2026/linea-nordik/art-331330-mesa-de-centro-lys/art-331330-medidas.webp;/articulos-gacela-muebles-2026/linea-nordik/art-331330-mesa-de-centro-lys/escena-mesa-de-centro-escandinava-b.webp,/articulos-gacela-muebles-2026/linea-nordik/art-331330-mesa-de-centro-lys/331330-foto-real-1.webp,/articulos-gacela-muebles-2026/linea-nordik/art-331330-mesa-de-centro-lys/331330-foto-real-2.webp,/articulos-gacela-muebles-2026/linea-nordik/art-331330-mesa-de-centro-lys/331330-foto-real-3.webp,/articulos-gacela-muebles-2026/linea-nordik/art-331330-mesa-de-centro-lys/331330-foto-real-4.webp,/articulos-gacela-muebles-2026/linea-nordik/art-331330-mesa-de-centro-lys/art-set-331330-pf-silueta.webp;;
GAC-ART334026ESCRITORIOSKOG;art-334026-escritorio-skog;linea-nordik;;;;;;;;;/articulos-gacela-muebles-2026/linea-nordik/art-334026-escritorio-skog/art-334026-medidas.webp;/articulos-gacela-muebles-2026/linea-nordik/art-334026-escritorio-skog/escena-art-334026.webp,/articulos-gacela-muebles-2026/linea-nordik/art-334026-escritorio-skog/334026-real-1-v1.webp,/articulos-gacela-muebles-2026/linea-nordik/art-334026-escritorio-skog/334026-real-2-v1.webp,/articulos-gacela-muebles-2026/linea-nordik/art-334026-escritorio-skog/334026-real-3-v1.webp,/articulos-gacela-muebles-2026/linea-nordik/art-334026-escritorio-skog/334026-real-4-v1.webp,/articulos-gacela-muebles-2026/linea-nordik/art-334026-escritorio-skog/art-set-334026-silueta.webp;/articulos-gacela-muebles-2026/linea-nordik/art-334026-escritorio-skog/a334026-ia-im00.pdf;
GAC-ART334093ESCRITORIOCRUX;art-334093-escritorio-crux;linea-nordik;;;;;;;;;/articulos-gacela-muebles-2026/linea-nordik/art-334093-escritorio-crux/334093-foto-real-medidas.webp;/articulos-gacela-muebles-2026/linea-nordik/art-334093-escritorio-crux/escena-art-334093.webp,/articulos-gacela-muebles-2026/linea-nordik/art-334093-escritorio-crux/334093-foto-real-1.webp,/articulos-gacela-muebles-2026/linea-nordik/art-334093-escritorio-crux/334093-foto-real-2.webp,/articulos-gacela-muebles-2026/linea-nordik/art-334093-escritorio-crux/334093-foto-real-3.webp,/articulos-gacela-muebles-2026/linea-nordik/art-334093-escritorio-crux/334093-foto-real-4.webp,/articulos-gacela-muebles-2026/linea-nordik/art-334093-escritorio-crux/334093-foto-real-5.webp;/articulos-gacela-muebles-2026/linea-nordik/art-334093-escritorio-crux/a334093-ia-lote-343.pdf;
GAC-ART334330ESCRITORIOTRA;art-334330-escritorio-tra;linea-nordik;;;;;;;;;/articulos-gacela-muebles-2026/linea-nordik/art-334330-escritorio-tra/art-334330-medidas.webp;/articulos-gacela-muebles-2026/linea-nordik/art-334330-escritorio-tra/escena-art-334330.webp,/articulos-gacela-muebles-2026/linea-nordik/art-334330-escritorio-tra/334330-foto-real-1-bierto.webp,/articulos-gacela-muebles-2026/linea-nordik/art-334330-escritorio-tra/334330-foto-real-1.webp,/articulos-gacela-muebles-2026/linea-nordik/art-334330-escritorio-tra/334330-foto-real-2.webp,/articulos-gacela-muebles-2026/linea-nordik/art-334330-escritorio-tra/art-334330-silueta.webp;;
GAC-ART353330REPISALINJE;art-353330-repisa-linje;linea-nordik;;;;;;;;;/articulos-gacela-muebles-2026/linea-nordik/art-353330-repisa-linje/art-353330-medidas.webp;/articulos-gacela-muebles-2026/linea-nordik/art-353330-repisa-linje/escena-repisa-escandinava-pd-a.webp,/articulos-gacela-muebles-2026/linea-nordik/art-353330-repisa-linje/art-set-353330-pf-silueta.webp,/articulos-gacela-muebles-2026/linea-nordik/art-353330-repisa-linje/escena-repisa-escandinava-pd.webp,/articulos-gacela-muebles-2026/linea-nordik/art-353330-repisa-linje/foto-real-1.webp,/articulos-gacela-muebles-2026/linea-nordik/art-353330-repisa-linje/foto-real-2.webp,/articulos-gacela-muebles-2026/linea-nordik/art-353330-repisa-linje/foto-real-3.webp;;
GAC-ART372020SETDEMESASOVALLUND;art-372020-set-de-mesas-oval-lund;linea-nordik;;;;;;;;;/articulos-gacela-muebles-2026/linea-nordik/art-372020-set-de-mesas-oval-lund/372020-foto-real-medidas.webp;/articulos-gacela-muebles-2026/linea-nordik/art-372020-set-de-mesas-oval-lund/372020-foto-real-1.webp,/articulos-gacela-muebles-2026/linea-nordik/art-372020-set-de-mesas-oval-lund/372020-foto-real-10.webp,/articulos-gacela-muebles-2026/linea-nordik/art-372020-set-de-mesas-oval-lund/372020-foto-real-2.webp,/articulos-gacela-muebles-2026/linea-nordik/art-372020-set-de-mesas-oval-lund/372020-foto-real-3.webp,/articulos-gacela-muebles-2026/linea-nordik/art-372020-set-de-mesas-oval-lund/372020-foto-real-4.webp,/articulos-gacela-muebles-2026/linea-nordik/art-372020-set-de-mesas-oval-lund/372020-foto-real-5.webp,/articulos-gacela-muebles-2026/linea-nordik/art-372020-set-de-mesas-oval-lund/372020-foto-real-6.webp,/articulos-gacela-muebles-2026/linea-nordik/art-372020-set-de-mesas-oval-lund/372020-foto-real-8.webp,/articulos-gacela-muebles-2026/linea-nordik/art-372020-set-de-mesas-oval-lund/372020-foto-real-9.webp,/articulos-gacela-muebles-2026/linea-nordik/art-372020-set-de-mesas-oval-lund/art-set-372020-pf-silueta.webp;/articulos-gacela-muebles-2026/linea-nordik/art-372020-set-de-mesas-oval-lund/a372020-ia-im01.pdf;
GAC-ART372080SETDEMESASCRUXALDE;art-372080-set-de-mesas-crux-alde;linea-nordik;;;;;;;;;/articulos-gacela-muebles-2026/linea-nordik/art-372080-set-de-mesas-crux-alde/372080-foto-real-medidas.webp;/articulos-gacela-muebles-2026/linea-nordik/art-372080-set-de-mesas-crux-alde/escena-art-372080.webp,/articulos-gacela-muebles-2026/linea-nordik/art-372080-set-de-mesas-crux-alde/372080-foto-real-1.webp,/articulos-gacela-muebles-2026/linea-nordik/art-372080-set-de-mesas-crux-alde/372080-foto-real-2.webp,/articulos-gacela-muebles-2026/linea-nordik/art-372080-set-de-mesas-crux-alde/372080-foto-real-3.webp,/articulos-gacela-muebles-2026/linea-nordik/art-372080-set-de-mesas-crux-alde/372080-foto-real-4.webp,/articulos-gacela-muebles-2026/linea-nordik/art-372080-set-de-mesas-crux-alde/372080-foto-real-5.webp,/articulos-gacela-muebles-2026/linea-nordik/art-372080-set-de-mesas-crux-alde/art-372080-sin-fondo.webp,/articulos-gacela-muebles-2026/linea-nordik/art-372080-set-de-mesas-crux-alde/art-set-372080-pf-silueta.webp;/articulos-gacela-muebles-2026/linea-nordik/art-372080-set-de-mesas-crux-alde/a372080-ia-pr03.pdf;
GAC-ART405330BAHIUTVIND;art-405330-bahiut-vind;linea-nordik;;;;;;;;;/articulos-gacela-muebles-2026/linea-nordik/art-405330-bahiut-vind/art-405330-medidas.webp;/articulos-gacela-muebles-2026/linea-nordik/art-405330-bahiut-vind/escena-bahiut-escandinavo-b.webp,/articulos-gacela-muebles-2026/linea-nordik/art-405330-bahiut-vind/art-set-405330-pf-silueta.webp,/articulos-gacela-muebles-2026/linea-nordik/art-405330-bahiut-vind/foto-real-1-abierto.webp,/articulos-gacela-muebles-2026/linea-nordik/art-405330-bahiut-vind/foto-real-1.webp,/articulos-gacela-muebles-2026/linea-nordik/art-405330-bahiut-vind/foto-real-2.webp;/articulos-gacela-muebles-2026/linea-nordik/art-405330-bahiut-vind/a405330-ia-im00.pdf;
GAC-ART446330RACKNORDEN-NA;art-446330-rack-norden;linea-nordik;;Natural;;;;;;;/articulos-gacela-muebles-2026/linea-nordik/art-446330-rack-norden/art-446330-medidas.webp;/articulos-gacela-muebles-2026/linea-nordik/art-446330-rack-norden/escena-rack-escandinavo-a-natural.webp,/articulos-gacela-muebles-2026/linea-nordik/art-446330-rack-norden/446330-foto-real-1.webp,/articulos-gacela-muebles-2026/linea-nordik/art-446330-rack-norden/446330-foto-real-2.webp,/articulos-gacela-muebles-2026/linea-nordik/art-446330-rack-norden/446330-foto-real-3.webp,/articulos-gacela-muebles-2026/linea-nordik/art-446330-rack-norden/446330-foto-real-4.webp,/articulos-gacela-muebles-2026/linea-nordik/art-446330-rack-norden/art-446330-silueta.webp;;
GAC-ART716330COMODAEIRA;art-716330-comoda-eira;linea-nordik;;;;;;;;;/articulos-gacela-muebles-2026/linea-nordik/art-716330-comoda-eira/art-716330-medidas.webp;/articulos-gacela-muebles-2026/linea-nordik/art-716330-comoda-eira/escena-art-716330-comoda-nordik.webp,/articulos-gacela-muebles-2026/linea-nordik/art-716330-comoda-eira/716330-foto-real-1.webp,/articulos-gacela-muebles-2026/linea-nordik/art-716330-comoda-eira/716330-foto-real-2.webp,/articulos-gacela-muebles-2026/linea-nordik/art-716330-comoda-eira/716330-foto-real-3.webp,/articulos-gacela-muebles-2026/linea-nordik/art-716330-comoda-eira/art-716330-silueta.webp;;
GAC-ART732330MESADELUZARKA;art-732330-mesa-de-luz-arka;linea-nordik;;;;;;;;;/articulos-gacela-muebles-2026/linea-nordik/art-732330-mesa-de-luz-arka/art-732330-medidas.webp;/articulos-gacela-muebles-2026/linea-nordik/art-732330-mesa-de-luz-arka/escena-mesa-de-luz-escandinava.webp,/articulos-gacela-muebles-2026/linea-nordik/art-732330-mesa-de-luz-arka/art-732330-silueta.webp,/articulos-gacela-muebles-2026/linea-nordik/art-732330-mesa-de-luz-arka/mesa-de-luz-escandinava-real-pfs.webp,/articulos-gacela-muebles-2026/linea-nordik/art-732330-mesa-de-luz-arka/mesa-de-luz-escandinava-real-pis.webp;/articulos-gacela-muebles-2026/linea-nordik/art-732330-mesa-de-luz-arka/a732330-ia-im00.pdf;
GAC-ART742332PLACARDVINTER;art-742332-placard-vinter;linea-nordik;;;;;;;;;/articulos-gacela-muebles-2026/linea-nordik/art-742332-placard-vinter/art-742332-medidas.webp;/articulos-gacela-muebles-2026/linea-nordik/art-742332-placard-vinter/escena-art-742332.webp,/articulos-gacela-muebles-2026/linea-nordik/art-742332-placard-vinter/742332-foto-real.webp,/articulos-gacela-muebles-2026/linea-nordik/art-742332-placard-vinter/742332-pf-foto-real.webp,/articulos-gacela-muebles-2026/linea-nordik/art-742332-placard-vinter/a742022-pf-abierto-con-ropa.webp,/articulos-gacela-muebles-2026/linea-nordik/art-742332-placard-vinter/art-742332-silueta.webp;/articulos-gacela-muebles-2026/linea-nordik/art-742332-placard-vinter/a742332-ia-im00.pdf;
GAC-ART742334PLACARDKLAR;art-742334-placard-klar;linea-nordik;;;;;;;;;/articulos-gacela-muebles-2026/linea-nordik/art-742334-placard-klar/art-742334-medidas.webp;/articulos-gacela-muebles-2026/linea-nordik/art-742334-placard-klar/escena-art-placard-024-escandinava.webp,/articulos-gacela-muebles-2026/linea-nordik/art-742334-placard-klar/art-742334-pf-abierto-con-ropa.webp,/articulos-gacela-muebles-2026/linea-nordik/art-742334-placard-klar/art-742334-pf-real-1.webp,/articulos-gacela-muebles-2026/linea-nordik/art-742334-placard-klar/art-742334-pf-silueta.webp,/articulos-gacela-muebles-2026/linea-nordik/art-742334-placard-klar/art-742334-pi-real-1.webp;;
GAC-ART742336PLACARDSTRAND;art-742336-placard-strand;linea-nordik;;;;;;;;;/articulos-gacela-muebles-2026/linea-nordik/art-742336-placard-strand/art-742336-medidas.webp;/articulos-gacela-muebles-2026/linea-nordik/art-742336-placard-strand/escena-art-742336.webp,/articulos-gacela-muebles-2026/linea-nordik/art-742336-placard-strand/742336-foto-real-1.webp,/articulos-gacela-muebles-2026/linea-nordik/art-742336-placard-strand/742336-foto-real-2-sin-puertas.webp,/articulos-gacela-muebles-2026/linea-nordik/art-742336-placard-strand/742336-foto-real-2.webp,/articulos-gacela-muebles-2026/linea-nordik/art-742336-placard-strand/742336-foto-real-3.webp,/articulos-gacela-muebles-2026/linea-nordik/art-742336-placard-strand/art-742336-silueta.webp;;